OrderID,Returned
IN-2017-CA120551-42816,Yes
IN-2017-AA103751-42926,Yes
IN-2017-TS212051-42904,Yes
AG-2014-RO97803-41695,Yes
AG-2015-LC70503-42265,Yes
AG-2014-DB32103-41987,Yes
AG-2017-AC4203-42796,Yes
AG-2017-RD96603-43073,Yes
AG-2015-CP23403-42152,Yes
AG-2016-HF49953-42437,Yes
AG-2015-CC24303-42247,Yes
AG-2017-MO78003-42948,Yes
AO-2017-BE14554-42954,Yes
AO-2017-GM45004-42996,Yes
AO-2016-IG50854-42668,Yes
US-2017-SR204255-42937,Yes
US-2014-JP155205-41883,Yes
MX-2016-LC171405-42457,Yes
US-2016-JK152055-42585,Yes
US-2014-JC153405-41897,Yes
US-2017-CA119655-43061,Yes
US-2016-AJ109455-42595,Yes
US-2016-NB185805-42648,Yes
US-2017-MC181305-43049,Yes
US-2017-AA106455-43045,Yes
US-2016-JB160005-42392,Yes
US-2016-JB160005-42392,Yes
US-2015-EA140355-42162,Yes
US-2017-LL168405-42939,Yes
US-2017-EH141855-43033,Yes
MX-2014-AF108855-41725,Yes
US-2014-KE164205-41911,Yes
IN-2015-EH140057-42051,Yes
ID-2015-JE157157-42132,Yes
ID-2015-RW195407-42317,Yes
ID-2017-TZ214457-42773,Yes
IN-2016-CR126257-42659,Yes
ID-2016-EH137657-42506,Yes
ID-2017-MG176957-42995,Yes
ID-2017-KL166457-42933,Yes
ID-2016-BD116207-42522,Yes
IN-2017-NS186407-42856,Yes
IN-2015-SW207557-42232,Yes
IN-2017-EM139607-42861,Yes
IN-2014-SC206807-41875,Yes
ID-2015-DP131057-42280,Yes
IN-2016-CC124757-42444,Yes
IN-2016-SF202007-42527,Yes
ID-2014-PW190307-41854,Yes
IN-2017-CR125807-42968,Yes
IN-2014-BP112907-41877,Yes
IN-2014-PG188207-41996,Yes
IN-2017-DM130157-43078,Yes
IN-2017-BE114557-42811,Yes
IN-2016-SG206057-42444,Yes
ID-2016-GT147107-42734,Yes
IN-2014-TC215357-41900,Yes
IN-2017-DJ135107-42738,Yes
IN-2016-OT187307-42675,Yes
IN-2014-TS211607-41909,Yes
IN-2016-DL133307-42545,Yes
ID-2017-CJ118757-42792,Yes
ID-2017-CJ118757-42792,Yes
IN-2014-AH100757-41918,Yes
IN-2015-CC126107-42271,Yes
IN-2017-TC209807-42871,Yes
IN-2016-PJ190157-42618,Yes
IN-2014-ML180407-41688,Yes
IN-2016-SC208457-42499,Yes
IN-2017-TZ215807-42855,Yes
IN-2014-JM161957-41924,Yes
ID-2017-BM117857-42862,Yes
IN-2014-BS117557-41839,Yes
ID-2014-SS208757-41661,Yes
ID-2016-BM117857-42399,Yes
ID-2017-PS190457-43011,Yes
ID-2015-JC161057-42261,Yes
IN-2017-DP131057-43002,Yes
ID-2017-KC166757-42799,Yes
IN-2014-RR193157-41811,Yes
IN-2014-SG206057-41708,Yes
IN-2015-TP214157-42033,Yes
ID-2017-ME177257-42812,Yes
IN-2014-DB136607-41937,Yes
ID-2016-MJ177407-42679,Yes
ID-2016-TS216107-42619,Yes
ID-2016-ML177557-42506,Yes
IN-2015-CS121757-42124,Yes
IN-2016-NM185207-42665,Yes
ID-2016-TN210407-42665,Yes
IN-2015-MH180257-42173,Yes
IN-2015-RD198107-42166,Yes
IN-2014-DW135857-41791,Yes
IN-2016-HG149657-42595,Yes
IN-2015-MD178607-42232,Yes
IN-2017-LS172307-42974,Yes
IN-2014-AG103007-41844,Yes
IN-2017-MG176807-43064,Yes
IN-2017-AG103907-42860,Yes
IN-2014-LE168107-41932,Yes
IN-2016-BW110657-42694,Yes
IN-2015-RW195407-42303,Yes
ID-2016-BK112607-42518,Yes
IN-2016-ML177557-42653,Yes
IN-2014-HD147857-41895,Yes
IN-2017-ME177257-42746,Yes
IN-2017-PN187757-42834,Yes
ID-2016-SA208307-42399,Yes
ID-2017-CC126107-42814,Yes
IN-2015-LO171707-42321,Yes
IN-2017-MH177857-42923,Yes
IN-2014-PJ188357-41932,Yes
ID-2017-KT164657-43003,Yes
IN-2016-CC121457-42664,Yes
IN-2016-Dl136007-42734,Yes
IN-2016-TG216407-42387,Yes
IN-2014-LP170807-41777,Yes
IN-2017-CC126107-42868,Yes
IN-2017-KW164357-43059,Yes
IN-2016-RO197807-42531,Yes
IN-2015-HF149957-42062,Yes
ID-2015-AG106757-42330,Yes
ID-2017-DL129257-43043,Yes
ID-2015-SC205757-42044,Yes
IN-2017-BE113357-43004,Yes
IN-2014-TT212657-41767,Yes
IN-2016-LP170807-42548,Yes
ID-2014-VM218357-41656,Yes
IN-2017-RE194057-43072,Yes
ID-2016-MG178757-42626,Yes
IN-2016-AR108257-42722,Yes
IN-2017-KN164507-43063,Yes
IN-2017-LR170357-43044,Yes
ID-2016-CC124307-42721,Yes
IN-2016-GM146807-42622,Yes
IN-2015-SO203357-42243,Yes
ID-2016-AZ107507-42643,Yes
ID-2015-IM150707-42230,Yes
IN-2014-DV130457-41867,Yes
ID-2016-SW207557-42513,Yes
IN-2015-BW111107-42015,Yes
IN-2017-TP211307-42904,Yes
IN-2015-LH169007-42121,Yes
IN-2015-CC122207-42146,Yes
ES-2017-DL133158-43051,Yes
ES-2017-SJ202158-43000,Yes
ES-2014-JK156408-41991,Yes
ES-2017-CM119358-43026,Yes
AU-2017-PF91208-42912,Yes
AU-2016-AC6158-42639,Yes
ES-2017-TB211758-42907,Yes
ES-2016-JE161658-42717,Yes
ES-2017-TB211758-42907,Yes
ES-2014-KD166158-41931,Yes
ES-2016-KM167208-42440,Yes
ES-2015-RA198858-42028,Yes
ES-2015-BE114558-42120,Yes
AJ-2017-DJ34209-43099,Yes
AJ-2017-LW68259-43031,Yes
AJ-2017-SH99759-42994,Yes
IN-2014-SP2062011-41992,Yes
IN-2014-SP2062011-41992,Yes
IN-2015-LD1700511-42104,Yes
IN-2017-NZ1856511-42827,Yes
IN-2014-EH1399011-41782,Yes
IN-2017-CS1246011-42805,Yes
IN-2015-ZD2192511-42345,Yes
IN-2017-MT1781511-42953,Yes
IN-2014-PO1886511-41671,Yes
IN-2016-AS1022511-42603,Yes
IN-2015-CC1222011-42138,Yes
BO-2017-DB291013-42745,Yes
BO-2017-DB291013-42745,Yes
BO-2015-LC714013-42352,Yes
BO-2017-KA652513-43007,Yes
ES-2017-JD1589514-42958,Yes
ES-2016-BE1133514-42617,Yes
ES-2015-RD1958514-42369,Yes
ES-2016-QJ1925514-42727,Yes
ES-2016-MH1744014-42395,Yes
ES-2015-JJ1544514-42330,Yes
ES-2017-BS1138014-43007,Yes
BN-2016-KD649515-42702,Yes
MX-2017-RB1957016-43064,Yes
BK-2014-EB375017-41974,Yes
MX-2017-CS1213018-43016,Yes
MX-2017-MM1792018-42871,Yes
US-2014-AH1019518-41696,Yes
US-2014-AH1019518-41696,Yes
US-2016-RS1987018-42689,Yes
US-2015-AS1024018-42121,Yes
US-2016-LH1675018-42436,Yes
US-2016-JL1585018-42717,Yes
MX-2017-VG2180518-42996,Yes
US-2015-BH1171018-42206,Yes
MX-2017-ZC2191018-42990,Yes
MX-2017-ZC2191018-42990,Yes
MX-2014-GK1462018-41951,Yes
MX-2015-NP1870018-42337,Yes
US-2015-SG2060518-42286,Yes
MX-2015-BD1156018-42302,Yes
MX-2014-BG1103518-41993,Yes
MX-2017-BW1106518-42983,Yes
MX-2017-TB2135518-43001,Yes
MX-2015-MC1727518-42138,Yes
MX-2015-BG1174018-42223,Yes
MX-2015-MM1805518-42343,Yes
MX-2015-NK1849018-42145,Yes
MX-2017-SP2065018-43044,Yes
US-2015-MH1762018-42342,Yes
MX-2014-CJ1187518-41926,Yes
MX-2015-LW1721518-42341,Yes
MX-2014-KT1646518-41806,Yes
MX-2017-BP1105018-43001,Yes
MX-2015-MG1820518-42177,Yes
MX-2017-HF1499518-42934,Yes
US-2017-DJ1351018-42937,Yes
MX-2017-GM1450018-42867,Yes
MX-2015-MW1822018-42253,Yes
MX-2015-AG1027018-42047,Yes
MX-2017-BS1180018-42892,Yes
MX-2017-JM1558018-42981,Yes
US-2015-KW1657018-42292,Yes
MX-2017-AR1057018-43098,Yes
MX-2015-MC1810018-42159,Yes
MX-2016-AG1033018-42552,Yes
MX-2017-KC1625518-43012,Yes
US-2014-RP1939018-41668,Yes
MX-2016-TS2134018-42687,Yes
MX-2017-TH2155018-42979,Yes
MX-2015-DV1346518-42335,Yes
MX-2015-ES1408018-42349,Yes
MX-2015-MP1747018-42293,Yes
MX-2016-KF1628518-42622,Yes
MX-2016-PF1922518-42697,Yes
MX-2015-AC1042018-42306,Yes
MX-2016-EH1376518-42559,Yes
BU-2016-PC874519-42685,Yes
BU-2015-JO528019-42156,Yes
BU-2017-DP310519-42924,Yes
CM-2015-EM406522-42266,Yes
CM-2016-AS28522-42377,Yes
CM-2017-LB673522-42963,Yes
CM-2015-MC759022-42226,Yes
CA-2016-JF529523-42588,Yes
CA-2014-MK790523-41658,Yes
CA-2014-NC862523-41944,Yes
CA-2016-DW348023-42606,Yes
CA-2016-DB291023-42602,Yes
CA-2017-TG1164023-43070,Yes
CA-2017-ME772523-42777,Yes
CA-2016-DM295523-42391,Yes
CA-2017-JD589523-43028,Yes
CA-2016-NW840023-42422,Yes
CA-2015-JL513023-42157,Yes
CA-2014-TP1141523-41698,Yes
CT-2017-JE616524-42837,Yes
MX-2015-SE2011026-42318,Yes
MX-2016-BT1130526-42695,Yes
MX-2016-BT1130526-42695,Yes
MX-2016-BT1130526-42695,Yes
MX-2015-BW1120026-42238,Yes
MX-2016-MW1823526-42604,Yes
MX-2015-BW1120026-42238,Yes
MX-2016-JL1550526-42714,Yes
MX-2016-FM1438026-42622,Yes
IN-2014-CD1198027-41925,Yes
IN-2014-TS2143027-41995,Yes
IN-2017-IG1508527-43087,Yes
IN-2017-EH1400527-43007,Yes
IN-2017-MM1726027-43022,Yes
IN-2015-JB1540027-42129,Yes
IN-2017-AB1025527-42813,Yes
IN-2017-SJ2021527-42913,Yes
IN-2017-FO1430527-42807,Yes
IN-2016-KD1627027-42666,Yes
IN-2016-JW1595527-42720,Yes
IN-2016-VW2177527-42717,Yes
IN-2016-FH1435027-42702,Yes
IN-2017-KD1649527-43054,Yes
IN-2016-DC1285027-42724,Yes
IN-2015-TS2137027-42317,Yes
IN-2015-NC1834027-42364,Yes
IN-2014-CA1226527-41880,Yes
IN-2015-SW2075527-42260,Yes
IN-2016-KM1666027-42730,Yes
IN-2015-KC1625527-42094,Yes
IN-2014-PL1892527-41958,Yes
IN-2014-PL1892527-41958,Yes
IN-2017-AH1058527-42758,Yes
IN-2017-JL1523527-43053,Yes
IN-2014-NF1847527-41947,Yes
IN-2014-DR1288027-41872,Yes
IN-2016-VG2180527-42727,Yes
IN-2016-TZ2144527-42658,Yes
IN-2017-ED1388527-42938,Yes
IN-2017-DK1309027-43081,Yes
IN-2017-SC2023027-42771,Yes
IN-2017-AD1018027-42876,Yes
IN-2015-BP1105027-42099,Yes
IN-2015-MF1825027-42237,Yes
IN-2014-EP1391527-41916,Yes
IN-2017-DJ1351027-42816,Yes
IN-2014-AB1025527-41993,Yes
ID-2016-DC1285027-42505,Yes
IN-2017-TB2159527-43017,Yes
IN-2015-SD2048527-42345,Yes
ID-2014-ME1801027-41680,Yes
ID-2017-BV1124527-42963,Yes
ID-2016-SF2020027-42671,Yes
IN-2015-MY1829527-42044,Yes
IN-2014-LW1721527-41664,Yes
IN-2016-BN1151527-42391,Yes
IN-2016-BN1151527-42391,Yes
IN-2016-JS1588027-42547,Yes
IN-2017-AT1073527-43023,Yes
IN-2016-AH1012027-42629,Yes
IN-2017-CP1234027-42874,Yes
IN-2017-CL1256527-43074,Yes
IN-2017-RE1940527-42861,Yes
IN-2016-SO2033527-42645,Yes
IN-2017-RB1936027-42847,Yes
IN-2014-JO1528027-41994,Yes
IN-2016-CJ1201027-42541,Yes
IN-2014-TG2131027-41684,Yes
IN-2017-TW2102527-43059,Yes
IN-2016-PM1913527-42527,Yes
IN-2014-CD1279027-41839,Yes
IN-2016-JO1528027-42492,Yes
IN-2014-NF1838527-41995,Yes
IN-2014-NF1838527-41995,Yes
IN-2014-DS1318027-41861,Yes
IN-2017-MG1769527-43025,Yes
IN-2015-JE1561027-42077,Yes
IN-2014-NC1841527-41896,Yes
IN-2016-MK1790527-42405,Yes
IN-2016-EH1399027-42525,Yes
IN-2017-DW1358527-42879,Yes
IN-2015-CS1240027-42024,Yes
IN-2014-TC2098027-41764,Yes
IN-2016-VF2171527-42550,Yes
IN-2016-JE1571527-42370,Yes
IN-2017-PR1888027-42856,Yes
IN-2017-GM1468027-42736,Yes
IN-2015-BF1117027-42083,Yes
IN-2015-BF1117027-42083,Yes
IN-2015-JB1600027-42322,Yes
IN-2017-RC1996027-42958,Yes
MX-2016-EB1370528-42549,Yes
MX-2017-LB1673528-42886,Yes
MX-2016-AB1006028-42486,Yes
MX-2014-HE1480028-41959,Yes
MX-2017-ES1402028-42836,Yes
MX-2016-ML1739528-42529,Yes
MX-2016-AB1060028-42401,Yes
MX-2015-JF1549028-42286,Yes
MX-2017-CT1199528-42753,Yes
MX-2015-SE2011028-42280,Yes
MX-2016-SH1997528-42553,Yes
MX-2016-SH1997528-42553,Yes
MX-2017-AH1046528-43030,Yes
MX-2017-PK1907528-43092,Yes
MX-2014-ND1837028-41890,Yes
MX-2017-TS2143028-43053,Yes
MX-2017-SW2075528-42955,Yes
US-2017-FH1427528-43096,Yes
IV-2017-DP316529-42840,Yes
IV-2017-BP105029-42871,Yes
IV-2017-SF1020029-42784,Yes
IV-2014-BE133529-41964,Yes
IV-2016-RP939029-42422,Yes
HR-2017-BS159030-42863,Yes
MX-2017-SC2044031-42920,Yes
MX-2016-LP1708031-42702,Yes
MX-2016-BP1129031-42680,Yes
MX-2015-JB1540031-42300,Yes
MX-2015-KF1628531-42364,Yes
MX-2015-RD1993031-42156,Yes
MX-2014-DC1328531-42000,Yes
MX-2014-VG2180531-41944,Yes
MX-2017-KS1630031-42794,Yes
MX-2016-JF1541531-42709,Yes
MX-2017-DB1361531-42740,Yes
MX-2016-TZ2144531-42669,Yes
MX-2017-MC1760531-43022,Yes
MX-2016-SJ2050031-42621,Yes
MX-2016-FM1429031-42634,Yes
MX-2014-DB1291031-41837,Yes
MX-2017-CA1196531-43082,Yes
MX-2017-FC1433531-42874,Yes
MX-2014-AW1093031-41643,Yes
MX-2014-AW1093031-41643,Yes
MX-2017-CD1192031-42850,Yes
MX-2016-TS2161031-42639,Yes
MX-2017-BF1127531-43079,Yes
MX-2014-AC1042031-41866,Yes
MX-2015-ML1739531-42117,Yes
MX-2016-JO1528031-42633,Yes
MX-2016-BT1153031-42715,Yes
CG-2014-AJ96033-41896,Yes
CG-2017-JB604533-42888,Yes
CG-2017-BT144033-42798,Yes
CG-2017-RD972033-42811,Yes
CG-2016-JF556533-42594,Yes
CG-2017-RW954033-43000,Yes
CG-2014-LC693033-41947,Yes
CG-2014-TB1162533-41685,Yes
CG-2015-MC763533-42195,Yes
CG-2016-MB730533-42418,Yes
CG-2014-EH394533-42001,Yes
CG-2014-AG52533-41851,Yes
CG-2016-DM295533-42450,Yes
IT-2016-BF1108034-42521,Yes
ES-2015-DB1340534-42180,Yes
ES-2017-JF1556534-42798,Yes
US-2015-BB1099036-42109,Yes
US-2014-BD1172536-41800,Yes
MX-2016-ME1801036-42609,Yes
MX-2017-AR1082536-43078,Yes
MX-2014-SA2083036-41798,Yes
US-2017-TP2113036-43079,Yes
US-2014-PC1874536-41911,Yes
MX-2015-BF1100536-42156,Yes
US-2014-CW1190536-41971,Yes
US-2016-JK1532536-42435,Yes
US-2017-TZ2158036-43049,Yes
US-2014-RR1952536-42000,Yes
US-2014-LH1675036-41859,Yes
US-2016-MA1799536-42678,Yes
US-2015-MW1822036-42117,Yes
MX-2015-TH2123536-42311,Yes
US-2017-JC1538536-43092,Yes
MX-2017-SS2051536-42995,Yes
US-2017-JD1601536-42802,Yes
US-2016-JD1615036-42405,Yes
US-2017-DP1316536-42969,Yes
US-2014-CS1195036-41805,Yes
MX-2015-TB2128036-42363,Yes
MX-2016-BG1103536-42455,Yes
US-2016-EA1403536-42650,Yes
MX-2015-SJ2012536-42318,Yes
MX-2016-DJ1363036-42694,Yes
MX-2017-QJ1925536-42897,Yes
MX-2016-AG1076536-42499,Yes
US-2016-GM1444036-42611,Yes
US-2015-CL1256536-42294,Yes
MX-2016-BG1103536-42455,Yes
US-2015-TS2161036-42216,Yes
MX-2015-LW1712537-42320,Yes
EG-2017-RD966038-43014,Yes
EG-2017-RD966038-43014,Yes
EG-2016-EM396038-42577,Yes
EG-2016-AS28538-42447,Yes
EG-2017-LS694538-42755,Yes
EG-2017-KH651038-43085,Yes
EG-2016-GB457538-42682,Yes
EG-2017-EB411038-42931,Yes
EG-2016-JK612038-42458,Yes
EG-2015-BF108038-42211,Yes
EG-2014-LC688538-41950,Yes
EG-2015-MC763538-42069,Yes
EG-2015-JB604538-42310,Yes
EG-2017-KW643538-42799,Yes
MX-2015-BD1177039-42256,Yes
MX-2014-NR1855039-41816,Yes
MX-2014-JP1552039-41924,Yes
MX-2017-MM1792039-43087,Yes
MX-2017-DB1336039-42918,Yes
MX-2016-JH1582039-42658,Yes
MX-2015-SL2015539-42216,Yes
MX-2016-TM2149039-42654,Yes
MX-2016-KB1660039-42683,Yes
MX-2014-DV1346539-41909,Yes
MX-2015-TS2108539-42324,Yes
MX-2017-AG1076539-42864,Yes
MX-2015-MD1735039-42342,Yes
MX-2015-TT2126539-42290,Yes
MX-2017-MK1790539-43074,Yes
MX-2017-BP1105039-42751,Yes
MX-2017-RE1940539-42841,Yes
MX-2016-ER1385539-42697,Yes
MX-2014-EH1400539-41768,Yes
MX-2016-RM1937539-42456,Yes
MX-2017-GM1469539-42862,Yes
MX-2015-HL1504039-42162,Yes
MX-2015-MS1736539-42182,Yes
MX-2015-YC2189539-42224,Yes
MX-2015-CS1225039-42366,Yes
MX-2016-EM1382539-42527,Yes
MX-2017-PS1897039-42941,Yes
MX-2016-RK1930039-42555,Yes
ES-2016-JD1579044-42476,Yes
ES-2016-PO1919544-42675,Yes
ES-2017-AR1057044-42996,Yes
ES-2014-VW2177544-41877,Yes
IT-2014-RF1984045-41755,Yes
IT-2015-KB1631545-42107,Yes
ES-2017-MH1802545-42842,Yes
ES-2015-DK1322545-42238,Yes
ES-2017-AG1027045-42904,Yes
ES-2015-JK1520545-42247,Yes
ES-2015-JS1568545-42048,Yes
ES-2017-RB1933045-43085,Yes
ES-2016-AJ1096045-42688,Yes
ES-2016-TH2155045-42633,Yes
IT-2016-MZ1751545-42512,Yes
ES-2017-FG1426045-42884,Yes
ES-2016-HR1477045-42528,Yes
ES-2014-NL1831045-41852,Yes
IT-2017-VG2179045-42928,Yes
ES-2017-MS1798045-42885,Yes
ES-2017-RF1984045-43081,Yes
ES-2015-AA1064545-42266,Yes
ES-2016-PS1904545-42576,Yes
ES-2016-BF1127545-42534,Yes
ES-2015-JB1600045-42036,Yes
ES-2017-VM2183545-42956,Yes
ES-2014-KH1663045-41688,Yes
ES-2017-NS1850545-43038,Yes
ES-2017-EN1378045-42876,Yes
ES-2017-BK1126045-42875,Yes
ES-2017-SW2075545-43051,Yes
ES-2015-MG1768045-42288,Yes
ES-2015-SP2092045-42047,Yes
ES-2015-SP2092045-42047,Yes
ES-2017-RB1957045-42907,Yes
IT-2017-DC1328545-42856,Yes
ES-2015-FC1433545-42114,Yes
IT-2015-TS2150545-42178,Yes
ES-2015-HP1481545-42281,Yes
ES-2015-EB1387045-42292,Yes
ES-2017-JP1546045-42790,Yes
ES-2016-CJ1201045-42584,Yes
ES-2017-JL1513045-42786,Yes
ES-2017-MG1814545-43063,Yes
ES-2015-DB1306045-42352,Yes
ES-2015-SV2081545-42331,Yes
ES-2016-RC1996045-42583,Yes
ES-2015-SG2047045-42013,Yes
ES-2016-GH1466545-42428,Yes
ES-2016-RH1949545-42675,Yes
ES-2017-MH1745545-42875,Yes
ES-2017-EG1390045-42959,Yes
ES-2017-FH1427545-42997,Yes
ES-2016-RF1934545-42585,Yes
ES-2015-JH1543045-42222,Yes
ES-2017-GZ1454545-42960,Yes
ES-2014-MS1783045-41818,Yes
IT-2017-FG1426045-42776,Yes
ES-2014-IL1510045-41950,Yes
ES-2017-AC1061545-42916,Yes
ES-2015-JS1588045-42253,Yes
IT-2017-RS1942045-42979,Yes
IT-2017-GH1441045-43080,Yes
ES-2016-BO1142545-42658,Yes
ES-2016-AG1030045-42575,Yes
ES-2017-AJ1078045-42761,Yes
ES-2017-ES1402045-43074,Yes
ES-2015-SN2071045-42274,Yes
ES-2016-DW1358545-42392,Yes
ES-2016-SP2092045-42721,Yes
ES-2014-TB2117545-41876,Yes
ES-2017-JK1532545-42910,Yes
IT-2014-CM1219045-41999,Yes
ES-2016-JD1606045-42430,Yes
ES-2016-JJ1576045-42583,Yes
ES-2016-PN1877545-42444,Yes
ES-2017-NS1864045-43064,Yes
IT-2015-KW1657045-42356,Yes
ES-2014-MY1829545-41958,Yes
ES-2017-JW1595545-42976,Yes
ES-2015-SF2020045-42019,Yes
ES-2014-CL1270045-41654,Yes
ES-2017-JF1541545-42953,Yes
ES-2017-KH1663045-43022,Yes
ES-2016-RO1978045-42444,Yes
ES-2015-KH1669045-42099,Yes
ES-2016-PP1895545-42419,Yes
ES-2017-AF1088545-42834,Yes
ES-2015-EK1379545-42257,Yes
ES-2015-GG1465045-42345,Yes
ES-2017-TA2138545-42772,Yes
ES-2017-TA2138545-42772,Yes
ES-2016-ML1741045-42689,Yes
ES-2016-LP1708045-42637,Yes
ES-2017-SR2074045-42787,Yes
ES-2015-MT1781545-42329,Yes
ES-2017-SM2090545-42821,Yes
ES-2016-MP1796545-42703,Yes
IT-2015-PF1916545-42260,Yes
ES-2017-AS1004545-43077,Yes
ES-2017-AS1004545-43077,Yes
ES-2015-SS2041045-42231,Yes
ES-2015-RD1948045-42281,Yes
ES-2015-FO1430545-42052,Yes
ES-2017-ML1775545-42956,Yes
ES-2014-SP2086045-41816,Yes
ES-2017-SH2039545-42970,Yes
ES-2015-CD1192045-42339,Yes
GG-2015-SG1047047-42135,Yes
ES-2016-AB1016548-42441,Yes
ES-2017-JS1559548-43053,Yes
ES-2014-AG1049548-41950,Yes
ES-2017-TD2099548-42820,Yes
ES-2017-CV1229548-43028,Yes
IT-2015-AS1013548-42197,Yes
ES-2015-EM1420048-42327,Yes
ES-2015-SH2063548-42246,Yes
ES-2016-KM1637548-42397,Yes
ES-2017-JG1580548-42966,Yes
IT-2014-DL1333048-41853,Yes
ES-2017-MP1796548-43046,Yes
ES-2016-TC2129548-42500,Yes
IT-2014-ZC2191048-41904,Yes
ES-2015-SC2072548-42184,Yes
IT-2016-SF2006548-42437,Yes
ES-2017-SC2080048-42849,Yes
ES-2015-JW1595548-42064,Yes
ES-2015-DJ1351048-42181,Yes
ES-2014-ZD2192548-41964,Yes
ES-2017-AS1024048-42813,Yes
ES-2017-NF1847548-42741,Yes
IT-2016-AC1042048-42598,Yes
ES-2014-LR1703548-41975,Yes
ES-2014-LR1703548-41975,Yes
ES-2014-GB1457548-41999,Yes
ES-2015-GB1457548-42027,Yes
ES-2015-BD1160548-42310,Yes
ES-2014-RR1931548-41859,Yes
ES-2016-NP1867048-42452,Yes
IT-2017-Dl1360048-42940,Yes
ES-2015-JP1546048-42138,Yes
ES-2016-NP1867048-42536,Yes
IT-2014-MC1742548-41907,Yes
IT-2015-EK1379548-42221,Yes
ES-2017-MR1754548-42772,Yes
ES-2016-DB1361548-42506,Yes
IT-2015-MH1762048-42215,Yes
ES-2017-JL1550548-43070,Yes
ES-2016-CS1240048-42596,Yes
ES-2015-NC1862548-42085,Yes
ES-2014-BW1106548-41855,Yes
ES-2017-MH1729048-43063,Yes
ES-2016-SD2048548-42525,Yes
ES-2017-AF1087048-42900,Yes
ES-2017-JP1552048-42895,Yes
IT-2016-MM1805548-42526,Yes
ES-2015-BM1178548-42177,Yes
ES-2017-JC1610548-42997,Yes
ES-2016-DD1357048-42685,Yes
ES-2017-DH1307548-42989,Yes
ES-2017-SU2066548-43029,Yes
ES-2016-JE1571548-42689,Yes
ES-2014-CS1213048-41811,Yes
ES-2017-JJ1576048-43050,Yes
ES-2014-CD1198048-41881,Yes
ES-2015-JP1546048-42176,Yes
ES-2014-CD1198048-41881,Yes
IT-2017-JW1522048-42987,Yes
ES-2017-LS1723048-42884,Yes
ES-2016-AR1082548-42372,Yes
ES-2016-DW1348048-42606,Yes
ES-2015-TM2149048-42264,Yes
ES-2014-ME1732048-41911,Yes
ES-2017-DL1331548-43082,Yes
ES-2017-GG1465048-42863,Yes
IT-2017-BP1109548-42923,Yes
ES-2014-CK1259548-41848,Yes
ES-2016-PF1922548-42735,Yes
ES-2017-MH1744048-42800,Yes
ES-2015-MC1760548-42201,Yes
ES-2014-EP1391548-41850,Yes
ES-2015-MP1796548-42318,Yes
ES-2017-DJ1342048-43078,Yes
ES-2014-AB1025548-41904,Yes
IT-2014-RB1933048-41943,Yes
GH-2017-MH811549-43042,Yes
GH-2016-TS1108549-42553,Yes
GH-2016-Dl360049-42393,Yes
MX-2016-MC1759051-42387,Yes
MX-2014-RD1993051-41967,Yes
MX-2014-AC1061551-41893,Yes
MX-2017-AG1039051-42911,Yes
MX-2017-DA1345051-42911,Yes
MX-2016-PG1889551-42525,Yes
MX-2016-JA1597051-42532,Yes
MX-2014-TZ2144551-41709,Yes
MX-2016-KC1654051-42634,Yes
MX-2016-CL1189051-42688,Yes
MX-2017-JF1541551-42987,Yes
MX-2016-JH1598551-42547,Yes
MX-2017-ND1837051-43007,Yes
MX-2014-AY1055551-41792,Yes
MX-2017-TH2155051-42818,Yes
MX-2015-TS2143051-42337,Yes
MX-2015-DE1325551-42100,Yes
MX-2015-DE1325551-42100,Yes
MX-2017-EB1411051-43065,Yes
MX-2015-DE1325551-42100,Yes
MX-2015-AG1027051-42359,Yes
MX-2016-BG1103551-42619,Yes
MX-2017-MC1759051-42954,Yes
MX-2015-TS2143051-42337,Yes
MX-2016-MC1784551-42658,Yes
MX-2017-SG2060551-42994,Yes
MX-2015-KD1627051-42198,Yes
GV-2015-TB1140052-42188,Yes
GV-2015-TB1140052-42188,Yes
MX-2015-KD1661554-42131,Yes
US-2014-MS1798054-41718,Yes
US-2017-AC1066054-43098,Yes
MX-2016-JE1547554-42671,Yes
US-2017-NS1864055-43043,Yes
US-2017-DK1283555-43011,Yes
US-2017-CS1249055-42905,Yes
US-2014-BB1099055-41809,Yes
US-2014-MJ1774055-41755,Yes
US-2016-DL1331555-42732,Yes
MX-2016-DB1336055-42549,Yes
US-2017-CR1262555-43035,Yes
MX-2016-BM1114055-42692,Yes
MX-2015-LC1696055-42289,Yes
US-2014-CC1255055-41819,Yes
US-2017-RO1978055-42776,Yes
MX-2017-KC1625555-43039,Yes
US-2017-PB1921055-42949,Yes
US-2016-JP1546055-42722,Yes
US-2017-BT1148555-43070,Yes
US-2017-MS1798055-43008,Yes
US-2016-TB2125055-42667,Yes
US-2016-KM1637555-42683,Yes
US-2016-JM1586555-42514,Yes
US-2015-GW1460555-42283,Yes
US-2017-DL1331555-43060,Yes
US-2016-KB1640555-42695,Yes
US-2017-EH1376555-43082,Yes
US-2017-TB2140055-42891,Yes
US-2016-MG1814555-42659,Yes
MX-2017-PB1880555-43028,Yes
US-2014-AR1082555-41992,Yes
HU-2015-SV1036557-42162,Yes
HU-2016-JR567057-42370,Yes
IN-2014-CW1190558-41875,Yes
IN-2016-AG1052558-42667,Yes
IN-2014-DM1352558-41987,Yes
IN-2016-TS2143058-42539,Yes
IN-2017-NM1844558-42856,Yes
IN-2015-JF1549058-42289,Yes
IN-2015-GP1474058-42149,Yes
IN-2014-MT1807058-41917,Yes
IN-2017-KD1634558-42760,Yes
IN-2017-KD1634558-42760,Yes
IN-2016-SV2081558-42699,Yes
IN-2016-RA1988558-42598,Yes
IN-2017-GM1445558-43004,Yes
IN-2017-Co1264058-43057,Yes
IN-2014-MT1807058-41825,Yes
IN-2015-ON1871558-42366,Yes
IN-2017-BD1177058-43025,Yes
IN-2016-RA1928558-42594,Yes
IN-2017-LW1682558-42987,Yes
IN-2014-AB1010558-42000,Yes
IN-2016-SF2006558-42504,Yes
IN-2015-FH1427558-42296,Yes
IN-2015-JH1618058-42148,Yes
IN-2016-KB1624058-42491,Yes
IN-2017-LP1709558-43023,Yes
ID-2014-TB2105558-41886,Yes
ID-2015-CR1273058-42247,Yes
IN-2016-DV1304558-42596,Yes
IN-2016-FG1426058-42478,Yes
IN-2015-KD1649558-42217,Yes
IN-2015-EB1397558-42239,Yes
IN-2015-PV1898558-42358,Yes
IN-2015-CC1214558-42159,Yes
IN-2016-AG1090058-42391,Yes
IN-2015-MM1726058-42348,Yes
IN-2014-JM1553558-41886,Yes
IN-2015-MM1726058-42027,Yes
IN-2015-RW1969058-42353,Yes
IN-2014-ST2053058-41880,Yes
IN-2015-SW2024558-42155,Yes
IN-2015-TM2101058-42262,Yes
IN-2016-KE1642058-42728,Yes
IN-2014-VM2183558-41978,Yes
IN-2014-PR1888058-41743,Yes
IN-2017-AC1045058-43042,Yes
IN-2017-DB1361558-43064,Yes
IN-2017-DG1330058-42897,Yes
IN-2015-CS1246058-42339,Yes
IN-2016-CJ1201058-42596,Yes
IN-2017-KN1645058-42840,Yes
IN-2017-PB1880558-43045,Yes
IN-2015-SA2083058-42197,Yes
IN-2017-CR1258058-43078,Yes
IN-2015-PF1916558-42280,Yes
IN-2015-PF1916558-42280,Yes
IN-2015-EL1373558-42139,Yes
IN-2015-EM1381058-42038,Yes
IN-2017-DR1294058-43014,Yes
ID-2016-JE1616559-42587,Yes
ID-2014-BM1114059-41965,Yes
IN-2017-NH1861059-43080,Yes
IN-2017-JK1562559-42757,Yes
ID-2017-BT1153059-43009,Yes
IN-2017-AP1091559-42820,Yes
IN-2017-BM1157559-42910,Yes
IN-2016-EH1394559-42590,Yes
ID-2014-JH1598559-41949,Yes
IN-2017-BE1145559-43036,Yes
IN-2016-MC1742559-42622,Yes
ID-2016-JH1618059-42700,Yes
IN-2014-LD1685559-41842,Yes
ID-2017-DM1334559-43010,Yes
ID-2017-LS1720059-43039,Yes
ID-2014-GA1472559-41998,Yes
IN-2015-MT1781559-42257,Yes
ID-2015-KT1648059-42350,Yes
ID-2016-CG1204059-42528,Yes
ID-2016-VB2174559-42399,Yes
ID-2017-MG1769559-42797,Yes
ID-2014-EB1387059-41930,Yes
ID-2017-TT2146059-42916,Yes
ID-2015-JC1577559-42223,Yes
ID-2017-JL1517559-42931,Yes
ID-2017-SV2081559-43032,Yes
IN-2014-BF1121559-41915,Yes
ID-2017-EB1393059-42937,Yes
ID-2016-SS2059059-42647,Yes
IN-2015-CY1274559-42134,Yes
IN-2016-JH1591059-42613,Yes
ID-2014-MP1796559-41667,Yes
IN-2015-AA1064559-42317,Yes
ID-2015-SC2080059-42110,Yes
ID-2015-AS1004559-42250,Yes
ID-2015-HJ1487559-42077,Yes
ID-2017-DK1289559-43046,Yes
ID-2017-SH2063559-42968,Yes
IN-2017-DB1327059-43067,Yes
ID-2015-BS1175559-42057,Yes
ID-2016-MZ1751559-42505,Yes
ID-2015-CS1213059-42222,Yes
IN-2016-FH1427559-42722,Yes
ID-2014-TB2117559-41862,Yes
IN-2016-JL1517559-42665,Yes
ID-2016-PC1900059-42706,Yes
ID-2014-GM1468059-41891,Yes
ID-2017-AB1001559-42909,Yes
ID-2016-JS1603059-42491,Yes
IN-2017-SV2078559-42841,Yes
ID-2016-AM1070559-42534,Yes
ID-2015-MC1760559-42112,Yes
IN-2017-JG1580559-42904,Yes
ID-2015-JD1601559-42337,Yes
ID-2014-NG1843059-41949,Yes
ID-2015-EB1387059-42181,Yes
IN-2017-JH1618059-42927,Yes
IN-2015-TP2141559-42162,Yes
ID-2017-KD1627059-43004,Yes
IN-2016-BT1168059-42631,Yes
IN-2017-KL1655559-42963,Yes
IR-2016-MV819060-42640,Yes
IR-2014-JE547560-41802,Yes
IR-2015-AT43560-42077,Yes
IR-2017-SH997560-42749,Yes
IR-2015-KB624060-42286,Yes
IR-2016-RP939060-42584,Yes
IR-2016-BS166560-42538,Yes
IR-2016-AS22560-42430,Yes
IR-2017-SR1074060-42997,Yes
IR-2014-CM265560-41856,Yes
IR-2014-EH394560-41914,Yes
IR-2017-DO343560-43029,Yes
IR-2017-DO343560-43029,Yes
IR-2017-NP870060-43063,Yes
IR-2016-RA928560-42616,Yes
IR-2017-CC237060-43094,Yes
IR-2016-JP546060-42681,Yes
IR-2016-HW493560-42524,Yes
IZ-2017-KM672061-42751,Yes
IZ-2015-PB915061-42294,Yes
IZ-2016-SW1035061-42513,Yes
IZ-2016-SG1008061-42731,Yes
IZ-2014-SC1084561-41984,Yes
IZ-2017-AY55561-43012,Yes
IZ-2015-JS588061-42076,Yes
IZ-2016-SC1009561-42489,Yes
IZ-2014-DW319561-41874,Yes
IZ-2017-TB1119061-42986,Yes
IZ-2016-CB202561-42594,Yes
IZ-2017-BD163561-42776,Yes
ES-2015-SS2059062-42219,Yes
IT-2016-LF1718562-42633,Yes
IT-2015-AS1009062-42364,Yes
IT-2016-MP1796562-42634,Yes
IS-2016-KH663063-42609,Yes
IS-2014-CM244563-41753,Yes
ES-2017-BG1103564-42982,Yes
ES-2016-AA1064564-42422,Yes
ES-2014-TS2143064-41746,Yes
ES-2014-CM1181564-41978,Yes
ES-2015-RO1978064-42113,Yes
IT-2014-EH1376564-41985,Yes
IT-2014-JC1610564-41783,Yes
ES-2016-LB1679564-42634,Yes
ES-2017-GT1475564-43032,Yes
ES-2016-MC1763564-42594,Yes
IT-2016-PW1903064-42724,Yes
ES-2016-FA1423064-42467,Yes
ES-2015-AG1030064-42321,Yes
ES-2017-AH1019564-42798,Yes
IT-2017-BF1121564-42987,Yes
ES-2015-DP1316564-42008,Yes
ES-2016-NM1852064-42594,Yes
ES-2017-HM1498064-42976,Yes
ES-2017-JB1600064-42862,Yes
ES-2017-NS1850564-42898,Yes
ES-2015-PO1885064-42138,Yes
ES-2017-EB1417064-42743,Yes
ES-2017-RM1967564-43096,Yes
IT-2017-LB1679564-42857,Yes
ES-2015-JG1580564-42343,Yes
ES-2014-ZD2192564-41691,Yes
ES-2017-RS1942064-42822,Yes
ES-2017-MG1769564-42749,Yes
ES-2016-JH1582064-42724,Yes
ES-2016-SC2023064-42687,Yes
ES-2016-DD1357064-42547,Yes
ES-2017-HR1483064-42744,Yes
IT-2015-AO1081064-42278,Yes
IT-2015-NF1859564-42056,Yes
ES-2017-VG2180564-43059,Yes
ES-2016-LC1714064-42571,Yes
ES-2017-DP1310564-42968,Yes
ES-2015-CM1219064-42094,Yes
ES-2017-CK1220564-43056,Yes
ES-2017-DM1352564-43042,Yes
IT-2017-LW1699064-42969,Yes
ES-2014-BP1123064-41729,Yes
ES-2014-AB1001564-41880,Yes
IN-2017-EB1417066-42951,Yes
IN-2015-MW1823566-42100,Yes
ID-2016-RW1969066-42436,Yes
IN-2016-CP1234066-42708,Yes
JO-2015-AG30067-42359,Yes
KZ-2015-KC625568-42334,Yes
KE-2014-MC760569-41825,Yes
KE-2017-KC654069-43063,Yes
LE-2016-CC267071-42378,Yes
LE-2016-PT909071-42519,Yes
LI-2014-LR691573-41854,Yes
LY-2017-NG843074-43056,Yes
LY-2014-BN151574-41893,Yes
LY-2016-JE616574-42605,Yes
LH-2016-AR57075-42674,Yes
LH-2015-LO717075-42261,Yes
MA-2016-JM526577-42616,Yes
IN-2014-DP1300078-41953,Yes
IN-2017-LS1723078-42982,Yes
IN-2017-MG1814578-43067,Yes
IN-2017-HJ1487578-43022,Yes
IN-2016-SS2041078-42704,Yes
ML-2015-KH663079-42162,Yes
ML-2017-TM1149079-42855,Yes
MX-2017-JH1582080-43030,Yes
MR-2017-BC112581-42847,Yes
MX-2016-DE1325582-42524,Yes
MX-2016-Dp1324082-42691,Yes
MX-2017-CM1244582-43085,Yes
MX-2015-JG1511582-42313,Yes
MX-2017-PO1885082-43010,Yes
MX-2017-TB2135582-42910,Yes
MX-2017-TD2099582-43100,Yes
MX-2014-QJ1925582-41680,Yes
US-2017-EH1394582-42816,Yes
US-2017-FH1436582-43058,Yes
MX-2017-CD1192082-42916,Yes
MX-2016-AR1040582-42549,Yes
US-2015-AC1042082-42101,Yes
MX-2014-KD1649582-41932,Yes
MX-2015-AR1057082-42287,Yes
MX-2016-DG1330082-42609,Yes
MX-2014-BD1156082-41802,Yes
MX-2016-JL1550582-42692,Yes
US-2014-SD2048582-41735,Yes
MX-2014-LT1711082-41679,Yes
MX-2017-GZ1454582-42995,Yes
MX-2016-RW1963082-42681,Yes
MX-2014-JH1618082-41971,Yes
MX-2016-MG1814582-42505,Yes
MX-2015-CR1273082-42177,Yes
MX-2015-SP2092082-42115,Yes
MX-2016-HA1492082-42514,Yes
MX-2015-JM1565582-42103,Yes
MX-2014-GP1474082-41957,Yes
MX-2014-PG1882082-41918,Yes
MX-2014-BD1163582-41979,Yes
MX-2014-ZC2191082-41928,Yes
MX-2014-LD1685582-41854,Yes
MX-2016-PV1898582-42373,Yes
MX-2017-AH1021082-43045,Yes
US-2016-KC1625582-42595,Yes
MX-2016-MC1742582-42633,Yes
MX-2014-HZ1495082-41896,Yes
MX-2016-TW2102582-42413,Yes
MX-2016-CD1192082-42729,Yes
MX-2016-SM2000582-42560,Yes
US-2015-EM1396082-42196,Yes
US-2015-CG1204082-42082,Yes
MX-2015-DL1333082-42288,Yes
US-2017-BD1132082-43095,Yes
MX-2017-LC1714082-42966,Yes
US-2015-SV2036582-42197,Yes
MX-2017-AT1043582-42798,Yes
MX-2017-EG1390082-43064,Yes
MX-2015-MH1729082-42171,Yes
US-2014-LO1717082-41807,Yes
US-2017-LR1691582-42951,Yes
US-2017-MZ1733582-42878,Yes
MX-2014-PM1894082-41649,Yes
MX-2015-LS1724582-42261,Yes
MX-2015-AR1054082-42275,Yes
MX-2016-PS1876082-42634,Yes
MX-2015-SC2023082-42278,Yes
MX-2016-DB1361582-42444,Yes
MX-2017-RF1934582-43036,Yes
US-2016-TB2125082-42718,Yes
MX-2015-BS1138082-42280,Yes
MX-2016-NP1868582-42545,Yes
MX-2014-SS2014082-41908,Yes
MX-2014-RK1930082-41718,Yes
MX-2016-MG1787582-42708,Yes
MX-2016-SC2023082-42449,Yes
MX-2014-NB1858082-42001,Yes
MX-2016-BP1115582-42430,Yes
MX-2016-JM1586582-42619,Yes
MX-2016-BP1115582-42430,Yes
MX-2014-DC1328582-41756,Yes
MX-2017-KH1651082-42875,Yes
MX-2016-AH1012082-42598,Yes
US-2014-JK1520582-41809,Yes
MX-2017-CH1207082-43011,Yes
MX-2014-JP1613582-41904,Yes
MX-2016-LH1690082-42674,Yes
MX-2015-EA1403582-42272,Yes
MX-2016-SG2047082-42528,Yes
MX-2016-SK1999082-42633,Yes
MX-2016-SK1999082-42633,Yes
MX-2014-MW1823582-41930,Yes
MX-2016-SS2041082-42643,Yes
US-2016-NS1864082-42505,Yes
MX-2014-MF1825082-42003,Yes
MX-2017-BF1102082-42912,Yes
MX-2016-SE2011082-42625,Yes
MX-2017-TB2117582-42989,Yes
MD-2017-BS136583-42867,Yes
MD-2017-MC742583-42991,Yes
MD-2014-PO918083-41680,Yes
MG-2015-SS1014084-42233,Yes
MO-2016-GK462086-42472,Yes
MO-2014-ED388586-41806,Yes
MO-2015-SC1023086-42178,Yes
MO-2014-NC834086-41665,Yes
MO-2014-NC834086-41665,Yes
MO-2017-KW657086-43052,Yes
MO-2014-JF541586-41996,Yes
MO-2014-LW721586-41974,Yes
MO-2016-FM421586-42632,Yes
MO-2016-AB25586-42697,Yes
MO-2014-EM396086-41682,Yes
MO-2016-SB1018586-42638,Yes
MO-2017-LC705086-42980,Yes
MO-2015-PN877586-42216,Yes
MO-2016-KH669086-42561,Yes
MO-2014-LR703586-41753,Yes
MO-2017-DO343586-43058,Yes
MO-2014-TS1150586-41748,Yes
MO-2016-BN147086-42385,Yes
MO-2014-LP708086-41666,Yes
MO-2014-KT646586-41965,Yes
MO-2016-JG511586-42602,Yes
MO-2017-LC693086-42857,Yes
MZ-2016-DG330087-42722,Yes
MZ-2016-DS303087-42545,Yes
MZ-2017-RD993087-42871,Yes
MZ-2014-TS1161087-41776,Yes
MZ-2014-EM409587-41965,Yes
MZ-2014-SF1006587-41711,Yes
ID-2016-NK1849088-42379,Yes
IN-2017-EG1390088-43017,Yes
IN-2014-TB2162588-41907,Yes
IN-2015-OT1873088-42171,Yes
WA-2017-TB1152089-42921,Yes
IN-2015-OT1873090-42283,Yes
IN-2017-SS2059090-43008,Yes
IT-2015-CL1256591-42183,Yes
IT-2016-BD1163591-42629,Yes
IT-2017-SG2047091-42994,Yes
IT-2017-PV1898591-43056,Yes
IT-2017-PV1898591-43056,Yes
IT-2016-MC1742591-42659,Yes
IT-2017-JK1564091-43100,Yes
IT-2016-BK1126091-42386,Yes
IT-2017-CJ1201091-43067,Yes
IT-2015-HG1484591-42078,Yes
IT-2015-JS1594091-42231,Yes
IT-2015-JS1594091-42231,Yes
IT-2014-TS2165591-41875,Yes
IT-2017-SB2017091-43098,Yes
IT-2016-DD1357091-42372,Yes
IT-2014-DL1333091-41875,Yes
IT-2014-SG2060591-41847,Yes
IT-2015-MG1789091-42240,Yes
ES-2017-SH2039591-42895,Yes
ES-2016-NP1870091-42595,Yes
ES-2017-MG1769591-43066,Yes
ID-2017-EJ1415592-43030,Yes
IN-2017-LH1675092-42949,Yes
ID-2016-AW1084092-42563,Yes
ID-2017-EJ1415592-43066,Yes
ID-2014-BT1139592-41916,Yes
ID-2015-BF1100592-42201,Yes
ID-2014-DA1345092-41831,Yes
ID-2014-SH2039592-41879,Yes
ID-2017-FW1439592-42963,Yes
ID-2017-RP1939092-43085,Yes
IN-2017-HZ1495092-42954,Yes
ID-2014-BB1154592-41942,Yes
ID-2016-AG1090092-42687,Yes
IN-2015-MY1738092-42313,Yes
IN-2015-EC1405092-42173,Yes
IN-2017-TB2162592-42892,Yes
IN-2015-BF1127592-42363,Yes
IN-2017-JH1598592-43077,Yes
IN-2016-CA1277592-42471,Yes
IN-2014-ME1732092-41789,Yes
ID-2014-NB1858092-41971,Yes
ID-2015-BM1178592-42086,Yes
ID-2017-PK1907592-42764,Yes
ID-2015-AS1063092-42364,Yes
IN-2017-JG1580592-43058,Yes
IN-2015-MD1786092-42321,Yes
IN-2017-JG1580592-42851,Yes
IN-2016-CK1259592-42660,Yes
IN-2014-AS1028592-41981,Yes
IN-2016-EM1381092-42623,Yes
IN-2016-JH1591092-42690,Yes
MX-2015-CS1186093-42310,Yes
MX-2014-JS1568593-41893,Yes
MX-2016-AS1009093-42526,Yes
MX-2017-SB2018593-42853,Yes
MX-2017-AB1001593-42750,Yes
MX-2017-PL1892593-42940,Yes
MX-2015-ON1871593-42309,Yes
MX-2017-SC2038093-42882,Yes
MX-2016-SW2075593-42664,Yes
MX-2017-MS1777093-43066,Yes
MX-2017-NP1868593-43038,Yes
US-2017-MH1811593-42893,Yes
MX-2016-PK1907593-42443,Yes
MX-2016-FW1439593-42500,Yes
MX-2015-MC1727593-42363,Yes
MX-2016-BS1166593-42545,Yes
MX-2015-NS1864093-42140,Yes
MX-2016-SG2047093-42406,Yes
MX-2017-BN1147093-42953,Yes
MX-2014-CK1232593-41750,Yes
MX-2017-NP1868593-42988,Yes
MX-2017-JB1540093-42953,Yes
MX-2017-MY1829593-43086,Yes
MX-2017-MY1829593-43086,Yes
MX-2015-CL1189093-42168,Yes
NG-2016-SC1068094-42595,Yes
NI-2014-DW348095-41744,Yes
NI-2017-TC1098095-42764,Yes
NI-2015-AW93095-42198,Yes
NI-2014-AS63095-41809,Yes
NI-2014-AJ96095-41700,Yes
NI-2015-IG508595-42163,Yes
NI-2017-JO514595-42841,Yes
NI-2014-EH376595-41937,Yes
NI-2017-SH997595-43036,Yes
NI-2014-KB660095-41953,Yes
NI-2016-DM334595-42441,Yes
NI-2016-RA988595-42400,Yes
NI-2017-FM438095-42884,Yes
NI-2016-GW460595-42626,Yes
NI-2016-EG390095-42730,Yes
NI-2014-AG52595-41812,Yes
NI-2016-DL292595-42383,Yes
NI-2015-GT471095-42020,Yes
NI-2017-LC705095-43093,Yes
NI-2016-SC1030595-42597,Yes
NI-2016-CM183095-42720,Yes
NI-2016-MH745595-42426,Yes
NI-2017-AG90095-43077,Yes
NI-2015-JB600095-42351,Yes
NI-2016-SA1083095-42695,Yes
NI-2014-EH376595-41748,Yes
NI-2014-ME732095-41960,Yes
NI-2017-CG252095-42755,Yes
NI-2016-SD1048595-42633,Yes
NI-2014-DV304595-41851,Yes
NI-2016-CR273095-42589,Yes
NI-2014-JM558095-42000,Yes
NI-2017-JF529595-43037,Yes
NI-2017-JS588095-42892,Yes
NI-2015-JD579095-42240,Yes
IT-2016-MY1738096-42525,Yes
ES-2015-TM2101096-42299,Yes
IN-2015-EN1378097-42323,Yes
ID-2014-SC2026097-41894,Yes
IN-2017-GR1456097-42840,Yes
IN-2017-MG1789097-42753,Yes
ID-2017-BF1117097-43023,Yes
ID-2016-RB1946597-42689,Yes
ID-2017-SG2089097-42816,Yes
ID-2017-CP1234097-42865,Yes
ID-2017-EB1411097-42819,Yes
ID-2017-NM1852097-42994,Yes
ID-2016-VT2170097-42643,Yes
ID-2016-TN2104097-42469,Yes
MX-2016-LB1679598-42664,Yes
US-2015-DK1283598-42125,Yes
US-2017-KW1643598-43018,Yes
MX-2014-CS1249098-41797,Yes
US-2016-CD1192098-42484,Yes
US-2017-GZ1447098-43058,Yes
US-2017-BS1175598-43013,Yes
US-2017-JD1579098-42941,Yes
US-2016-DP1300098-42706,Yes
US-2016-MG1768098-42699,Yes
MX-2014-AJ1079598-41998,Yes
IN-2016-TT2107099-42535,Yes
MX-2016-MC18130100-42584,Yes
MX-2014-LB16795101-41882,Yes
US-2016-MP17470101-42713,Yes
MX-2015-SH20635101-42094,Yes
US-2017-LR16915101-42911,Yes
US-2017-LR16915101-42911,Yes
US-2017-BK11260101-42809,Yes
US-2015-CS11845101-42337,Yes
ID-2016-LF17185102-42378,Yes
ID-2017-BS11380102-42939,Yes
IN-2015-DS13030102-42188,Yes
ID-2017-LR17035102-42818,Yes
IN-2014-SC20680102-41650,Yes
IN-2014-PH18790102-41897,Yes
ID-2016-SM20005102-42616,Yes
ID-2017-HM14980102-42965,Yes
ID-2016-SC20695102-42397,Yes
ID-2017-MH17620102-42885,Yes
ID-2016-CK12205102-42681,Yes
IN-2017-KB16405102-42779,Yes
ID-2015-HM14860102-42278,Yes
ID-2015-SH20395102-42301,Yes
ID-2014-JP15520102-41981,Yes
ID-2016-CK12205102-42681,Yes
ID-2015-SL20155102-42314,Yes
ID-2017-CD11920102-43016,Yes
ID-2017-JB16000102-42886,Yes
IN-2015-SW20755102-42211,Yes
ID-2017-RF19735102-43099,Yes
IN-2014-JF15565102-41851,Yes
ID-2014-MY18295102-41653,Yes
ID-2014-SV20935102-41995,Yes
ID-2016-SC20695102-42397,Yes
ID-2017-EM13825102-42750,Yes
ID-2014-PM19135102-41980,Yes
ID-2016-SJ20125102-42420,Yes
ID-2017-TT21070102-43008,Yes
ID-2017-NH18610102-43080,Yes
ID-2017-KB16405102-43070,Yes
IN-2014-JF15565102-41851,Yes
IN-2016-PF19225102-42531,Yes
ID-2015-BF11215102-42198,Yes
ID-2015-LE16810102-42273,Yes
IN-2017-LA16780102-42826,Yes
ID-2016-SP20620102-42610,Yes
IN-2015-EM14140102-42275,Yes
IN-2017-RM19750102-43053,Yes
ID-2014-AG10330102-41970,Yes
PL-2016-NM8445103-42585,Yes
PL-2014-PB9150103-41845,Yes
PL-2015-TS11160103-42124,Yes
PL-2015-TS11160103-42124,Yes
PL-2017-RR9315103-42868,Yes
PL-2015-FM4290103-42062,Yes
IT-2017-MS17365104-43095,Yes
IT-2016-EM13960104-42638,Yes
CF-2014-IM5055106-41954,Yes
RO-2017-IM5055107-42811,Yes
RO-2015-NP8670107-42092,Yes
RO-2017-NM8445107-42989,Yes
RO-2016-TZ11445107-42707,Yes
RO-2014-SF10065107-41700,Yes
RO-2017-TW11025107-42807,Yes
RS-2017-SB10290108-42813,Yes
RS-2016-JL5130108-42708,Yes
RS-2014-MM8280108-41684,Yes
RS-2017-JP6135108-43074,Yes
RS-2016-TB11250108-42644,Yes
RS-2016-LC6870108-42540,Yes
RS-2017-EG3900108-43049,Yes
RS-2014-JL5505108-41808,Yes
RS-2017-BK1260108-43060,Yes
RS-2016-HE4800108-42594,Yes
RS-2014-SB10185108-42000,Yes
RS-2016-MC7575108-42534,Yes
RS-2017-DP3000108-43086,Yes
SA-2016-RF9345110-42557,Yes
SA-2015-SH9975110-42149,Yes
SA-2016-RF9345110-42557,Yes
SA-2014-DP3390110-41902,Yes
SA-2016-Dl3600110-42634,Yes
SA-2017-HL5040110-42912,Yes
SA-2017-TM11490110-43045,Yes
SA-2017-BF975110-43078,Yes
SA-2017-MW8220110-42836,Yes
SA-2015-JB6000110-42230,Yes
SA-2017-CK2325110-42904,Yes
SA-2017-MD7860110-42997,Yes
SG-2017-ZD11925111-42889,Yes
SG-2016-HF4995111-42710,Yes
SL-2015-SM10905112-42347,Yes
IN-2015-SW20755113-42342,Yes
IN-2015-AB10165113-42301,Yes
ID-2016-ML17410113-42486,Yes
ID-2016-SM20905113-42615,Yes
IN-2016-DK13375113-42727,Yes
SO-2016-SC10725116-42531,Yes
SO-2016-ME7725116-42470,Yes
SO-2014-AJ945116-41790,Yes
SF-2017-BW1065117-43078,Yes
SF-2016-EL3735117-42606,Yes
SF-2017-SC10695117-42926,Yes
SF-2016-JD6060117-42378,Yes
SF-2014-AG675117-41706,Yes
SF-2017-DN3690117-43088,Yes
SF-2016-CA2775117-42623,Yes
SF-2017-JL5175117-42976,Yes
SF-2016-NB8580117-42672,Yes
SF-2016-MG7650117-42605,Yes
SF-2017-ML7755117-42791,Yes
SF-2017-PW9240117-42981,Yes
SF-2017-CD2280117-43022,Yes
SF-2016-HD4785117-42563,Yes
ID-2017-CS11845118-42899,Yes
ID-2015-GZ14545118-42209,Yes
ID-2014-CS12130118-41987,Yes
ID-2016-SV20365118-42617,Yes
ID-2016-GM14440118-42632,Yes
ES-2015-MP18175120-42356,Yes
ES-2015-ML18265120-42317,Yes
ES-2017-PW19030120-43093,Yes
ES-2015-RH19510120-42009,Yes
ES-2014-GP14740120-41991,Yes
ES-2017-SC20050120-42834,Yes
ES-2016-TB21595120-42668,Yes
ES-2015-BF11275120-42238,Yes
ES-2016-BV11245120-42418,Yes
IT-2014-RD19930120-41952,Yes
IT-2016-EH14005120-42723,Yes
ES-2017-SJ20215120-42969,Yes
ES-2016-RD19480120-42383,Yes
ES-2017-RD19480120-42896,Yes
ES-2014-BC11125120-41740,Yes
ES-2016-AC10420120-42587,Yes
ES-2015-SO20335120-42348,Yes
ES-2016-JM15265120-42716,Yes
ES-2017-MZ17335120-42912,Yes
ES-2015-SB20185120-42121,Yes
ES-2017-SJ20125120-43068,Yes
ES-2017-TA21385120-43074,Yes
ES-2017-BC11125120-42916,Yes
ES-2016-JK15370120-42685,Yes
ES-2016-SR20740120-42535,Yes
ES-2015-DB13660120-42208,Yes
ES-2015-LE16810120-42320,Yes
ES-2017-BP11095120-42962,Yes
ES-2015-MG17695120-42296,Yes
ES-2014-PS18760120-41871,Yes
ES-2016-TM21010120-42731,Yes
ES-2017-OT18730120-42947,Yes
ES-2017-CJ11875120-42751,Yes
ES-2014-JL15235120-41706,Yes
ES-2016-CP12340120-42469,Yes
ES-2017-BS11665120-43071,Yes
ES-2014-RD19585120-41945,Yes
ES-2014-BP11290120-41971,Yes
ES-2017-DF13135120-43054,Yes
IN-2016-DE13255121-42567,Yes
SU-2017-BW1200122-42967,Yes
SU-2014-JC5340122-41643,Yes
SU-2017-BB990122-43010,Yes
SU-2017-CA2265122-42967,Yes
SU-2015-SS10515122-42322,Yes
IT-2017-GR14560124-43051,Yes
IT-2017-MK18160124-43078,Yes
IT-2017-CM12655124-42773,Yes
IT-2015-PS18760124-42272,Yes
IT-2015-LH17155124-42240,Yes
IT-2016-CS12490124-42525,Yes
ES-2017-JL15175125-42913,Yes
ES-2017-MG17650125-42963,Yes
IT-2015-PF19225125-42230,Yes
IT-2015-JK16090125-42316,Yes
IT-2014-SJ20215125-41691,Yes
SY-2016-AW840126-42548,Yes
TZ-2017-JL5835129-42787,Yes
TZ-2016-MK7905129-42562,Yes
TZ-2017-JS5940129-42966,Yes
TZ-2015-MO7800129-42338,Yes
TZ-2016-KB6240129-42385,Yes
TZ-2016-CV2805129-42385,Yes
TZ-2016-SC10050129-42731,Yes
TZ-2017-LW6825129-43044,Yes
TZ-2017-CS2175129-43043,Yes
ID-2016-KH16690130-42491,Yes
ID-2014-MC17845130-41945,Yes
ID-2017-EM14200130-42981,Yes
ID-2015-JK16090130-42168,Yes
ID-2015-EM14200130-42232,Yes
ID-2015-BN11470130-42363,Yes
ID-2017-TP21130130-42952,Yes
IN-2016-AH10585130-42496,Yes
ID-2014-BD11605130-41649,Yes
ID-2016-BP11290130-42692,Yes
IN-2016-JS16030130-42653,Yes
IN-2016-AC10420130-42605,Yes
TO-2017-BG1695131-43056,Yes
TO-2015-PC8745131-42005,Yes
TO-2016-LH7020131-42730,Yes
TO-2017-JO5550131-43088,Yes
MX-2017-PF19120132-43003,Yes
TU-2014-LO7170134-41998,Yes
TU-2016-LC6885134-42449,Yes
TU-2015-HZ4950134-42245,Yes
TU-2016-DB3210134-42518,Yes
TU-2014-PM8940134-41860,Yes
TU-2016-RD9660134-42559,Yes
TU-2017-VP11730134-42938,Yes
TU-2014-NW8400134-41791,Yes
TU-2015-TB11280134-42356,Yes
TU-2015-DF3135134-42174,Yes
TU-2017-LF7185134-42923,Yes
TU-2016-CA1965134-42559,Yes
TU-2016-CA1965134-42559,Yes
TU-2016-KH6630134-42616,Yes
TU-2015-VM11685134-42092,Yes
TU-2017-CR2820134-42860,Yes
TU-2014-VD11670134-41989,Yes
TU-2016-LS7230134-42689,Yes
TU-2016-SF10200134-42442,Yes
TU-2015-CR2625134-42303,Yes
TU-2016-DC3285134-42708,Yes
TU-2014-RA9285134-41946,Yes
TU-2014-BD1635134-41792,Yes
TU-2014-CM1830134-41995,Yes
TU-2014-AJ960134-41924,Yes
TU-2017-EB3840134-43057,Yes
TU-2017-RM9750134-42997,Yes
TU-2016-SP10620134-42637,Yes
TU-2015-DL2925134-42264,Yes
TU-2014-MT8070134-41796,Yes
TU-2017-AS10045134-42867,Yes
TU-2016-RP9855134-42700,Yes
TU-2014-JS5940134-41753,Yes
TU-2014-JS5940134-41753,Yes
TU-2016-JP5460134-42626,Yes
TU-2014-MO7800134-41965,Yes
TU-2016-DH3675134-42465,Yes
TU-2015-NP8700134-42310,Yes
TU-2017-ML8265134-42900,Yes
TU-2015-BD1770134-42180,Yes
TU-2017-BV1245134-42855,Yes
TU-2017-SV10815134-42848,Yes
TU-2016-KH6330134-42518,Yes
TU-2017-CA2775134-42791,Yes
TU-2017-BC1125134-42969,Yes
TU-2015-BC1125134-42064,Yes
TU-2017-KN6450134-42980,Yes
TU-2017-SW10755134-43046,Yes
TU-2017-GR4560134-42890,Yes
TU-2017-SV10785134-43071,Yes
TU-2017-KN6450134-42980,Yes
TU-2016-BP1050134-42554,Yes
TU-2015-ED3885134-42363,Yes
TU-2017-TB11250134-42984,Yes
TU-2015-SF10200134-42147,Yes
TU-2016-MG7680134-42637,Yes
TU-2015-KD6270134-42288,Yes
TU-2015-HR4830134-42212,Yes
TU-2017-CB2535134-42748,Yes
TU-2017-IM5055134-42968,Yes
TU-2016-HM4980134-42585,Yes
TU-2017-NC8535134-42962,Yes
TU-2017-JF5190134-42773,Yes
TU-2014-CV2295134-41967,Yes
TU-2017-RR9525134-43011,Yes
TU-2017-BD1770134-42862,Yes
UG-2017-SU10665136-42834,Yes
UG-2015-MY7380136-42150,Yes
UG-2016-GH4665136-42608,Yes
UG-2014-MO7500136-41680,Yes
UP-2014-MV7485137-41733,Yes
UP-2017-JC5775137-43036,Yes
UP-2014-SV10785137-41823,Yes
UP-2016-EB3930137-42715,Yes
UP-2017-SC10845137-42818,Yes
UP-2016-LL6840137-42400,Yes
UP-2014-DE3255137-41837,Yes
UP-2015-ON8715137-42017,Yes
UP-2016-GA4725137-42616,Yes
UP-2016-KH6330137-42694,Yes
UP-2016-JE5475137-42538,Yes
UP-2017-JL5235137-42812,Yes
UP-2016-VM11685137-42637,Yes
UP-2017-ME7320137-42954,Yes
UP-2017-DR2880137-42896,Yes
UP-2017-FW4395137-43100,Yes
UP-2014-RB9435137-41760,Yes
UP-2016-MC7275137-42728,Yes
UP-2016-AB15137-42597,Yes
UP-2014-TH11550137-41831,Yes
UP-2016-CM1935137-42454,Yes
AE-2017-GH4665138-43082,Yes
ES-2016-MV18190139-42605,Yes
ES-2015-LO17170139-42269,Yes
IT-2017-TS21340139-43018,Yes
IT-2016-HF14995139-42683,Yes
ES-2015-NL18310139-42268,Yes
IT-2016-HF14995139-42683,Yes
IT-2017-NW18400139-42919,Yes
ES-2015-AY10555139-42160,Yes
ES-2017-SW20755139-43085,Yes
ES-2015-DK12985139-42082,Yes
ES-2014-BS11590139-41961,Yes
ES-2017-TS21205139-42993,Yes
ES-2017-BE11455139-42911,Yes
ES-2016-NP18685139-42440,Yes
ES-2017-TH21550139-43025,Yes
ES-2017-TT21220139-43053,Yes
ES-2017-FH14275139-42960,Yes
ES-2014-MM18055139-41768,Yes
ES-2017-AA10315139-42951,Yes
ES-2015-NS18640139-42254,Yes
ES-2017-CM12235139-42952,Yes
ES-2016-KC16675139-42629,Yes
ES-2017-SJ20215139-43072,Yes
ES-2017-MW18220139-42984,Yes
ES-2017-JO15550139-42940,Yes
ES-2017-AI10855139-43015,Yes
ES-2015-KL16555139-42239,Yes
ES-2015-LT16765139-42176,Yes
ES-2017-JJ15760139-43088,Yes
ES-2016-MS17530139-42542,Yes
ES-2014-CA12265139-41908,Yes
ES-2016-DJ13420139-42658,Yes
ES-2015-JC16105139-42198,Yes
IT-2017-MB17305139-42921,Yes
ES-2016-AD10180139-42724,Yes
IT-2015-SR20425139-42239,Yes
ES-2014-RC19960139-41889,Yes
ES-2017-CW11905139-43092,Yes
IT-2015-AB10255139-42307,Yes
ES-2017-LC16930139-42762,Yes
ES-2017-RB19330139-43065,Yes
ES-2015-MC17590139-42355,Yes
ES-2015-CH12070139-42299,Yes
ES-2017-GT14755139-42947,Yes
ES-2015-JE15715139-42101,Yes
IT-2016-DB13405139-42618,Yes
ES-2016-MB18085139-42687,Yes
ES-2015-JG15310139-42083,Yes
ES-2014-BP11095139-41933,Yes
ES-2016-LP17095139-42503,Yes
ES-2016-CK12325139-42724,Yes
ES-2017-HH15010139-43046,Yes
ES-2014-SC20380139-41876,Yes
ES-2017-EM14200139-43014,Yes
ES-2015-CJ11875139-42199,Yes
ES-2017-SC20050139-42969,Yes
ES-2014-MC18130139-41790,Yes
ES-2017-PO18850139-42938,Yes
ES-2017-MJ17740139-42804,Yes
ES-2016-CC12475139-42722,Yes
ES-2015-EB14110139-42257,Yes
ES-2017-NP18685139-42897,Yes
ES-2017-EH14125139-42961,Yes
CA-2016-MC17425140-42701,Yes
CA-2015-NW18400140-42262,Yes
CA-2017-KM16375140-42787,Yes
CA-2015-PF19120140-42170,Yes
CA-2017-SV20935140-42850,Yes
CA-2016-MZ17335140-42653,Yes
CA-2014-RP19390140-41999,Yes
CA-2016-TN21040140-42483,Yes
CA-2016-BB10990140-42462,Yes
CA-2014-ES14080140-41913,Yes
CA-2014-DJ13510140-41867,Yes
CA-2017-IG15085140-43029,Yes
CA-2017-BD11620140-42736,Yes
US-2016-GG14650140-42711,Yes
CA-2017-BG11740140-43043,Yes
CA-2017-PG18820140-43008,Yes
CA-2015-EH13945140-42352,Yes
CA-2017-JK15370140-43056,Yes
CA-2014-LS17200140-41968,Yes
US-2016-DL12865140-42639,Yes
US-2016-DL12865140-42639,Yes
CA-2015-GT14755140-42052,Yes
CA-2015-AB10165140-42180,Yes
CA-2016-AG10495140-42664,Yes
CA-2014-AY10555140-41734,Yes
US-2016-AP10720140-42711,Yes
CA-2015-AI10855140-42358,Yes
CA-2014-AP10915140-41953,Yes
CA-2017-CV12805140-42785,Yes
CA-2014-DP13390140-41824,Yes
CA-2017-FH14275140-42989,Yes
CA-2017-GA14725140-43051,Yes
CA-2014-JM15265140-41875,Yes
CA-2016-JE15610140-42513,Yes
CA-2016-KF16285140-42440,Yes
CA-2016-MH17455140-42700,Yes
CA-2016-MC18130140-42731,Yes
CA-2017-MG18145140-43016,Yes
CA-2016-NM18520140-42708,Yes
CA-2017-PS18760140-42843,Yes
CA-2015-PG18895140-42355,Yes
CA-2017-RA19285140-42983,Yes
CA-2017-RS19765140-43024,Yes
CA-2015-SB20185140-42146,Yes
CA-2015-SM20320140-42363,Yes
US-2016-SP20860140-42699,Yes
CA-2017-SM20950140-42886,Yes
CA-2017-WB21850140-42916,Yes
CA-2016-XP21865140-42678,Yes
CA-2017-ZC21910140-43046,Yes
CA-2016-DN13690140-42727,Yes
US-2017-PR18880140-42969,Yes
CA-2017-BF11005140-43061,Yes
CA-2015-SG20080140-42308,Yes
CA-2016-NM18520140-42665,Yes
CA-2016-LC16885140-42657,Yes
CA-2017-JW15220140-43022,Yes
US-2017-CR12580140-43043,Yes
CA-2015-LC16960140-42339,Yes
CA-2017-MK17905140-42961,Yes
CA-2015-RA19285140-42363,Yes
CA-2015-RH19510140-42247,Yes
CA-2017-AH10120140-42834,Yes
CA-2016-AH10465140-42496,Yes
CA-2016-AR10540140-42643,Yes
CA-2014-DS13030140-41828,Yes
CA-2014-DS13030140-41828,Yes
CA-2016-DB13615140-42713,Yes
CA-2016-DB13615140-42713,Yes
CA-2014-DN13690140-41923,Yes
CA-2014-GZ14470140-41889,Yes
CA-2015-GA14515140-42111,Yes
CA-2016-GM14695140-42634,Yes
CA-2014-GA14725140-41727,Yes
CA-2017-HH15010140-43028,Yes
US-2017-JK15370140-42961,Yes
US-2014-JF15490140-41999,Yes
CA-2014-JP15520140-41951,Yes
CA-2014-JP15520140-41951,Yes
US-2015-KW16570140-42328,Yes
CA-2015-KB16585140-42124,Yes
CA-2014-NP18325140-41841,Yes
US-2014-PG18820140-41767,Yes
CA-2014-RP19270140-41930,Yes
CA-2015-SC20260140-42247,Yes
CA-2014-SJ20500140-41920,Yes
CA-2014-BT11305140-41753,Yes
CA-2014-GM14680140-41768,Yes
CA-2016-KD16495140-42630,Yes
CA-2017-NS18505140-43010,Yes
CA-2016-SP20920140-42674,Yes
CA-2016-RB19465140-42511,Yes
US-2016-NC18625140-42657,Yes
CA-2016-JE15715140-42560,Yes
CA-2015-SP20620140-42009,Yes
US-2017-BS11380140-43072,Yes
CA-2015-DG13300140-42302,Yes
CA-2016-LS16945140-42570,Yes
CA-2016-LC16885140-42539,Yes
CA-2017-SR20425140-42843,Yes
CA-2017-SR20425140-42843,Yes
CA-2017-TS21505140-43089,Yes
US-2016-LB16795140-42650,Yes
CA-2017-CC12220140-43080,Yes
US-2017-NM18520140-42856,Yes
CA-2014-AA10480140-41762,Yes
CA-2016-BT11680140-42482,Yes
US-2017-JF15490140-42756,Yes
US-2016-JM16195140-42689,Yes
CA-2014-KB16315140-41876,Yes
CA-2014-KB16315140-41876,Yes
CA-2017-LB16795140-42948,Yes
CA-2015-GT14710140-42121,Yes
CA-2014-LW16825140-41820,Yes
CA-2016-JK15205140-42645,Yes
CA-2017-JH15430140-43095,Yes
US-2016-FO14305140-42675,Yes
CA-2014-XP21865140-41909,Yes
US-2017-TC21295140-43053,Yes
CA-2015-JE15610140-42166,Yes
CA-2015-CP12340140-42315,Yes
CA-2015-SC20575140-42286,Yes
CA-2016-KC16675140-42519,Yes
CA-2016-RB19465140-42496,Yes
CA-2015-RH19555140-42342,Yes
US-2017-CS12400140-42833,Yes
US-2016-LC16960140-42421,Yes
CA-2015-JH15910140-42167,Yes
CA-2016-AA10375140-42689,Yes
CA-2016-DL13495140-42386,Yes
CA-2017-TB21355140-42874,Yes
US-2016-PP18955140-42405,Yes
CA-2015-DP13390140-42134,Yes
CA-2015-ZC21910140-42119,Yes
CA-2017-BM11575140-42874,Yes
CA-2016-CS11950140-42617,Yes
CA-2017-CB12415140-43074,Yes
CA-2017-DP13000140-42974,Yes
CA-2017-EH13765140-42758,Yes
CA-2015-EK13795140-42357,Yes
US-2017-EB13930140-42939,Yes
CA-2016-EA14035140-42416,Yes
US-2014-JB15400140-41895,Yes
CA-2014-JD16015140-41986,Yes
CA-2016-KL16645140-42526,Yes
CA-2016-LC16870140-42436,Yes
US-2017-MY17380140-42940,Yes
CA-2014-MC17425140-41788,Yes
CA-2017-NS18640140-42926,Yes
CA-2015-RL19615140-42197,Yes
CA-2014-SB20185140-41901,Yes
CA-2017-SJ20215140-42846,Yes
CA-2015-PA19060140-42292,Yes
US-2014-SR20740140-41958,Yes
CA-2015-DP13000140-42112,Yes
CA-2017-HR14770140-42750,Yes
CA-2014-BT11395140-41939,Yes
CA-2017-KM16225140-43042,Yes
CA-2015-DK12985140-42345,Yes
CA-2014-KC16675140-41985,Yes
CA-2014-ME17320140-41646,Yes
CA-2015-JK16090140-42115,Yes
CA-2014-RM19675140-41961,Yes
CA-2015-EM13960140-42350,Yes
US-2015-KB16585140-42073,Yes
CA-2017-TH21550140-42969,Yes
CA-2015-RM19675140-42278,Yes
CA-2015-GP14740140-42334,Yes
CA-2015-SF20965140-42337,Yes
CA-2016-AA10480140-42609,Yes
US-2015-AJ10945140-42156,Yes
CA-2015-CA12775140-42349,Yes
CA-2016-JA15970140-42615,Yes
CA-2017-TP21130140-43092,Yes
CA-2017-TH21550140-42913,Yes
CA-2016-SC20680140-42580,Yes
CA-2017-MH18115140-42757,Yes
CA-2017-TB21520140-42993,Yes
CA-2017-RF19735140-43011,Yes
CA-2014-DW13480140-41790,Yes
CA-2017-GT14710140-42969,Yes
CA-2014-MP17470140-41959,Yes
CA-2017-CT11995140-43004,Yes
CA-2015-PO19180140-42318,Yes
CA-2017-NF18385140-42969,Yes
CA-2016-AA10480140-42569,Yes
CA-2017-PP18955140-42874,Yes
CA-2017-PP18955140-42874,Yes
CA-2017-AD10180140-42758,Yes
CA-2017-AD10180140-42758,Yes
CA-2017-LS17200140-43004,Yes
CA-2017-YC21895140-43096,Yes
CA-2016-AG10270140-42627,Yes
US-2014-JE15610140-41925,Yes
CA-2017-TC21145140-42994,Yes
CA-2016-BP11155140-42550,Yes
CA-2017-GH14410140-42784,Yes
CA-2017-JG15160140-42963,Yes
CA-2016-TB21355140-42394,Yes
CA-2016-Dp13240140-42384,Yes
CA-2014-DR12940140-41725,Yes
US-2014-FC14335140-41921,Yes
CA-2016-AB10060140-42615,Yes
CA-2017-AS10135140-43059,Yes
CA-2017-AC10615140-42981,Yes
CA-2017-BF11080140-43075,Yes
CA-2015-BM11575140-42262,Yes
US-2015-BS11590140-42253,Yes
CA-2015-BG11695140-42008,Yes
CA-2017-BS11800140-42835,Yes
US-2017-CC12370140-43057,Yes
CA-2015-DH13075140-42083,Yes
CA-2017-EB13705140-43052,Yes
CA-2016-EB13750140-42686,Yes
CA-2016-EH13765140-42493,Yes
CA-2016-EH13765140-42674,Yes
CA-2016-EH13765140-42493,Yes
CA-2016-ES14020140-42533,Yes
CA-2017-HR14830140-42819,Yes
CA-2017-HG14845140-43018,Yes
CA-2016-IM15070140-42545,Yes
CA-2015-JM15535140-42111,Yes
CA-2017-JS15685140-42906,Yes
CA-2014-KL16645140-41861,Yes
CA-2016-KM16720140-42480,Yes
CA-2015-MS17980140-42079,Yes
CA-2015-NP18325140-42225,Yes
CA-2016-NC18340140-42699,Yes
CA-2016-NM18520140-42522,Yes
US-2014-PB19150140-41971,Yes
US-2015-SG20605140-42344,Yes
CA-2017-SP20620140-42986,Yes
US-2016-SU20665140-42553,Yes
CA-2014-TB21190140-41999,Yes
CA-2015-VD21670140-42309,Yes
CA-2016-WB21850140-42384,Yes
CA-2017-DB13660140-43088,Yes
CA-2017-HG15025140-43094,Yes
CA-2015-MS17770140-42152,Yes
CA-2016-TB21055140-42539,Yes
CA-2016-TB21055140-42539,Yes
CA-2014-AB10150140-41702,Yes
CA-2017-DB13615140-43067,Yes
CA-2017-SC20380140-43070,Yes
CA-2016-ER13855140-42679,Yes
CA-2017-AA10480140-42841,Yes
US-2016-HA14920140-42592,Yes
CA-2016-NC18415140-42658,Yes
CA-2015-FA14230140-42187,Yes
CA-2016-SP20650140-42597,Yes
CA-2017-AS10240140-42908,Yes
CA-2016-BT11530140-42391,Yes
CA-2017-LC17140140-42988,Yes
CA-2015-SV20365140-42030,Yes
CA-2014-BS11590140-41875,Yes
CA-2014-EA14035140-41977,Yes
CA-2014-EA14035140-41977,Yes
CA-2015-IL15100140-42282,Yes
CA-2014-JK15730140-41973,Yes
US-2014-LB16795140-41751,Yes
CA-2017-PJ19015140-42966,Yes
CA-2016-SV20365140-42632,Yes
CA-2017-SP20920140-42811,Yes
US-2017-SV20935140-43095,Yes
US-2014-SS20875140-41986,Yes
CA-2014-EA14035140-41943,Yes
CA-2014-GB14530140-41756,Yes
CA-2017-KH16330140-42906,Yes
US-2017-NG18355140-43052,Yes
CA-2016-SP20920140-42687,Yes
CA-2016-DE13255140-42380,Yes
US-2016-JR16210140-42471,Yes
CA-2014-SW20245140-41839,Yes
CA-2015-MP18175140-42344,Yes
US-2014-Co12640140-41809,Yes
CA-2016-TB21280140-42455,Yes
CA-2016-AW10930140-42693,Yes
CA-2016-BS11365140-42542,Yes
US-2017-RF19735140-42946,Yes
US-2017-PS18970140-43031,Yes
CA-2016-TP21565140-42679,Yes
US-2016-DR12880140-42454,Yes
US-2014-TB21595140-41949,Yes
CA-2015-BM11785140-42083,Yes
CA-2014-TB21250140-41980,Yes
CA-2014-TB21250140-41980,Yes
US-2016-ZC21910140-42450,Yes
CA-2016-CJ12010140-42574,Yes
US-2015-SM20320140-42237,Yes
CA-2015-AH10195140-42068,Yes
CA-2015-JO15550140-42138,Yes
CA-2017-MH18115140-42805,Yes
CA-2017-SC20440140-43035,Yes
CA-2017-AG10495140-43022,Yes
CA-2014-BS11590140-41654,Yes
CA-2017-CB12025140-42986,Yes
CA-2016-CG12040140-42542,Yes
CA-2014-CA12775140-41817,Yes
CA-2016-DS13180140-42703,Yes
CA-2016-DK13225140-42615,Yes
CA-2016-GD14590140-42625,Yes
US-2016-JB16045140-42436,Yes
CA-2017-KD16495140-42961,Yes
CA-2014-LH16750140-41902,Yes
CA-2014-LC17140140-41890,Yes
CA-2014-PB19210140-41965,Yes
CA-2014-SB20290140-41888,Yes
US-2017-SP20620140-42988,Yes
US-2016-SC20770140-42443,Yes
US-2016-SC20770140-42443,Yes
US-2015-SP20860140-42232,Yes
CA-2016-TH21235140-42517,Yes
CA-2016-VG21805140-42609,Yes
CA-2014-AM10705140-41942,Yes
CA-2017-CA12265140-43044,Yes
CA-2017-SJ20215140-42964,Yes
CA-2014-TS21505140-41992,Yes
CA-2017-DK12895140-42975,Yes
CA-2016-DM13015140-42619,Yes
CA-2014-DD13570140-42002,Yes
CA-2016-HF14995140-42492,Yes
US-2017-MY17380140-43064,Yes
CA-2015-MB17305140-42363,Yes
CA-2016-NM18520140-42376,Yes
CA-2015-CB12025140-42240,Yes
US-2016-AR10825140-42619,Yes
CA-2017-RB19330140-43032,Yes
US-2017-CM12160140-43007,Yes
CA-2017-GA14725140-43095,Yes
CA-2014-KM16375140-41839,Yes
CA-2016-MC17845140-42682,Yes
CA-2014-MN17935140-41687,Yes
CA-2015-MS17980140-42043,Yes
CA-2014-RD19930140-41914,Yes
CA-2017-AG10330140-43092,Yes
CA-2016-AW10930140-42534,Yes
CA-2017-BB11545140-42994,Yes
CA-2015-CM12715140-42064,Yes
US-2014-DK12835140-41965,Yes
CA-2015-DS13180140-42251,Yes
US-2014-DA13450140-41753,Yes
US-2016-EH13945140-42694,Yes
CA-2016-IL15100140-42618,Yes
CA-2015-MV17485140-42180,Yes
CA-2016-RD19810140-42616,Yes
CA-2014-EJ13720140-41988,Yes
CA-2016-HA14920140-42657,Yes
CA-2014-PV18985140-41831,Yes
US-2015-MP17965140-42112,Yes
US-2014-HG14965140-41907,Yes
CA-2017-ML18040140-42891,Yes
CA-2014-BM11140140-41889,Yes
CA-2014-BM11140140-41889,Yes
US-2016-CA12310140-42372,Yes
CA-2017-SC20770140-43059,Yes
CA-2017-GB14575140-43087,Yes
CA-2015-JK15205140-42274,Yes
CA-2015-KH16510140-42173,Yes
CA-2015-KH16510140-42173,Yes
CA-2017-SH20395140-42841,Yes
US-2014-CK12325140-41711,Yes
CA-2015-EG13900140-42310,Yes
CA-2016-BW11200140-42671,Yes
CA-2014-FH14275140-41932,Yes
CA-2015-DK12835140-42041,Yes
CA-2016-ML17755140-42587,Yes
CA-2014-MW18235140-41779,Yes
CA-2015-TT21220140-42307,Yes
CA-2016-SN20710140-42640,Yes
CA-2016-BD11770140-42624,Yes
CA-2014-AI10855140-41768,Yes
CA-2017-JC15385140-42925,Yes
CA-2016-AC10450140-42699,Yes
CA-2017-DK12895140-42960,Yes
CA-2017-DK13375140-42944,Yes
CA-2014-Dl13600140-41727,Yes
CA-2017-FG14260140-43011,Yes
CA-2014-GH14425140-41806,Yes
CA-2014-GM14680140-41861,Yes
CA-2014-IG15085140-41929,Yes
CA-2017-JK15625140-43039,Yes
CA-2015-JL15850140-42153,Yes
CA-2014-JH15985140-41859,Yes
CA-2015-JH15985140-42353,Yes
US-2014-KH16510140-41992,Yes
CA-2015-LL16840140-42159,Yes
CA-2014-MZ17515140-41953,Yes
CA-2016-MS17770140-42606,Yes
CA-2015-MH18025140-42210,Yes
CA-2017-PB18805140-43075,Yes
US-2016-RB19570140-42629,Yes
CA-2015-SH19975140-42272,Yes
CA-2016-SF20200140-42626,Yes
CA-2015-TW21025140-42339,Yes
CA-2015-TW21025140-42339,Yes
US-2017-VM21685140-42811,Yes
CA-2017-YS21880140-42966,Yes
CA-2017-NF18385140-43021,Yes
CA-2015-RE19450140-42365,Yes
US-2016-JO15145140-42377,Yes
CA-2016-JE16165140-42710,Yes
CA-2016-SS20590140-42616,Yes
CA-2015-IM15070140-42189,Yes
US-2017-LS17200140-42948,Yes
US-2016-MA17560140-42606,Yes
MX-2017-JH15820141-43087,Yes
US-2017-AT10435143-43012,Yes
US-2015-TT21265143-42366,Yes
US-2017-JM15250143-43028,Yes
US-2017-SH20395143-42886,Yes
US-2014-MH17455143-41708,Yes
US-2015-Dp13240143-42111,Yes
US-2015-PO19195143-42082,Yes
MX-2017-LR17035143-42857,Yes
US-2014-TA21385143-41930,Yes
MX-2017-SS20140143-43014,Yes
ID-2017-MG17680144-42809,Yes
ID-2016-CM11830144-42497,Yes
ID-2017-NS18505144-42806,Yes
ID-2014-CM12115144-41999,Yes
ID-2016-KB16600144-42717,Yes
ID-2015-SC20680144-42072,Yes
IN-2017-MP18175144-43059,Yes
IN-2015-AS10225144-42206,Yes
IN-2017-SO20335144-42840,Yes
IN-2014-KL16645144-41972,Yes
IN-2015-AF10885144-42272,Yes
IN-2016-BN11515144-42685,Yes
YM-2017-MC7845145-43066,Yes
ZA-2016-PV8985146-42391,Yes
ZA-2016-AR345146-42397,Yes
ZA-2015-AB15146-42100,Yes
ZA-2015-BB1545146-42244,Yes
ZA-2016-JK5730146-42617,Yes
ZA-2016-TA11385146-42422,Yes
ZA-2014-CS2460147-41770,Yes
ZA-2017-BT1305147-43069,Yes
ZA-2016-BD1500147-42581,Yes
ZA-2017-BT1395147-43067,Yes
ZA-2016-TH11235147-42444,Yes
ZA-2015-DN3690147-42159,Yes
ZA-2016-TH11235147-42444,Yes
ZA-2015-LC6885147-42021,Yes
